public_identifier,block,lot_number,official_area_sqm,revision,geometry_version,source_area,source_area_sha256,source_topology,source_topology_sha256,physical_group,lineage_status,commercial_release,geometry_sha256
Q-R-01,R,01,896.85,2028-exporural-2026-09-25.1,6,Fenasoja_Parque_Ajustes_300dpi.png,37e04a91c738ce4f4f3a1470f5c02d5eed010138e11982a41344a9984e5fb323,Fenasoja_So_Numeros_300dpi.png,63b86b947f75e1a0c7b50125824c37ecd35f0f50c9c1f75e0c788c029ed3052e,R dupla oeste superior,PENDING,NOT_AUTHORIZED,60bea6d31b03890b51a59a4b5856db832faa976390a11cd41ae85df18f06fbf7
Q-R-02,R,02,896.85,2028-exporural-2026-09-25.1,6,Fenasoja_Parque_Ajustes_300dpi.png,37e04a91c738ce4f4f3a1470f5c02d5eed010138e11982a41344a9984e5fb323,Fenasoja_So_Numeros_300dpi.png,63b86b947f75e1a0c7b50125824c37ecd35f0f50c9c1f75e0c788c029ed3052e,R dupla oeste inferior,PENDING,NOT_AUTHORIZED,3b5d47e9a3ad0aa22f8421979e8a93b51857f96602ff8bd33de48326cb430b8b
Q-R-03,R,03,650.00,2028-exporural-2026-09-25.1,6,Fenasoja_Parque_Ajustes_300dpi.png,37e04a91c738ce4f4f3a1470f5c02d5eed010138e11982a41344a9984e5fb323,Fenasoja_So_Numeros_300dpi.png,63b86b947f75e1a0c7b50125824c37ecd35f0f50c9c1f75e0c788c029ed3052e,R dupla central superior,PENDING,NOT_AUTHORIZED,fbbd721216259bf9f6d50e631f0fa7de259c14d58c6abf8886dc080928e036b6
Q-R-04,R,04,644.75,2028-exporural-2026-09-25.1,6,Fenasoja_Parque_Ajustes_300dpi.png,37e04a91c738ce4f4f3a1470f5c02d5eed010138e11982a41344a9984e5fb323,Fenasoja_So_Numeros_300dpi.png,63b86b947f75e1a0c7b50125824c37ecd35f0f50c9c1f75e0c788c029ed3052e,R dupla central inferior,PENDING,NOT_AUTHORIZED,dd1c28e09a3ab5fb844ecfdabf919f34726420c17709eaef1d2703104e4c140c
Q-R-05,R,05,450.00,2028-exporural-2026-09-25.1,6,Fenasoja_Parque_Ajustes_300dpi.png,37e04a91c738ce4f4f3a1470f5c02d5eed010138e11982a41344a9984e5fb323,Fenasoja_So_Numeros_300dpi.png,63b86b947f75e1a0c7b50125824c37ecd35f0f50c9c1f75e0c788c029ed3052e,R superior oeste,PENDING,NOT_AUTHORIZED,0c9dd4c98f31c9d4f352c68718a3459903d3547283c18c029d713a1193f19999
Q-R-06,R,06,450.00,2028-exporural-2026-09-25.1,6,Fenasoja_Parque_Ajustes_300dpi.png,37e04a91c738ce4f4f3a1470f5c02d5eed010138e11982a41344a9984e5fb323,Fenasoja_So_Numeros_300dpi.png,63b86b947f75e1a0c7b50125824c37ecd35f0f50c9c1f75e0c788c029ed3052e,R superior oeste,PENDING,NOT_AUTHORIZED,5af75aec7865d6e5ace43902c9cd7f664d26522ba53e26fe4cf224ff329af1d0
Q-R-07,R,07,450.00,2028-exporural-2026-09-25.1,6,Fenasoja_Parque_Ajustes_300dpi.png,37e04a91c738ce4f4f3a1470f5c02d5eed010138e11982a41344a9984e5fb323,Fenasoja_So_Numeros_300dpi.png,63b86b947f75e1a0c7b50125824c37ecd35f0f50c9c1f75e0c788c029ed3052e,R superior oeste,PENDING,NOT_AUTHORIZED,005203ed638d6be24562103e6c8ff7b2e92a032aca1a8bf7b9fbdba906c8900d
Q-R-08,R,08,450.00,2028-exporural-2026-09-25.1,6,Fenasoja_Parque_Ajustes_300dpi.png,37e04a91c738ce4f4f3a1470f5c02d5eed010138e11982a41344a9984e5fb323,Fenasoja_So_Numeros_300dpi.png,63b86b947f75e1a0c7b50125824c37ecd35f0f50c9c1f75e0c788c029ed3052e,R superior oeste,PENDING,NOT_AUTHORIZED,3b7c075bbc1d815d5567b26b91ae508ce704d77785328b86f9e832b95003a07f
Q-R-09,R,09,453.42,2028-exporural-2026-09-25.1,6,Fenasoja_Parque_Ajustes_300dpi.png,37e04a91c738ce4f4f3a1470f5c02d5eed010138e11982a41344a9984e5fb323,Fenasoja_So_Numeros_300dpi.png,63b86b947f75e1a0c7b50125824c37ecd35f0f50c9c1f75e0c788c029ed3052e,R superior central oeste,PENDING,NOT_AUTHORIZED,7c3d95ff3fa2b168cac077da55a1da1532471b52d04e89fb5431f35edd3c98b7
Q-R-10,R,10,453.42,2028-exporural-2026-09-25.1,6,Fenasoja_Parque_Ajustes_300dpi.png,37e04a91c738ce4f4f3a1470f5c02d5eed010138e11982a41344a9984e5fb323,Fenasoja_So_Numeros_300dpi.png,63b86b947f75e1a0c7b50125824c37ecd35f0f50c9c1f75e0c788c029ed3052e,R superior central oeste,PENDING,NOT_AUTHORIZED,327941ced90a18d120a131ef9a35a6408a2d57012276effe1c680df383d9630a
Q-R-11,R,11,452.42,2028-exporural-2026-09-25.1,6,Fenasoja_Parque_Ajustes_300dpi.png,37e04a91c738ce4f4f3a1470f5c02d5eed010138e11982a41344a9984e5fb323,Fenasoja_So_Numeros_300dpi.png,63b86b947f75e1a0c7b50125824c37ecd35f0f50c9c1f75e0c788c029ed3052e,R superior central oeste,PENDING,NOT_AUTHORIZED,7c731c8d0efa72296910379a6969ad9c3fbbbdb652144d835e3c7a2f1b0ba370
Q-R-12,R,12,452.42,2028-exporural-2026-09-25.1,6,Fenasoja_Parque_Ajustes_300dpi.png,37e04a91c738ce4f4f3a1470f5c02d5eed010138e11982a41344a9984e5fb323,Fenasoja_So_Numeros_300dpi.png,63b86b947f75e1a0c7b50125824c37ecd35f0f50c9c1f75e0c788c029ed3052e,R superior central oeste,PENDING,NOT_AUTHORIZED,f780b1236adfb83499ab9237de2c80e688342cac9b018daac7b0b5f4845449f9
Q-R-13,R,13,575.85,2028-exporural-2026-09-25.1,6,Fenasoja_Parque_Ajustes_300dpi.png,37e04a91c738ce4f4f3a1470f5c02d5eed010138e11982a41344a9984e5fb323,Fenasoja_So_Numeros_300dpi.png,63b86b947f75e1a0c7b50125824c37ecd35f0f50c9c1f75e0c788c029ed3052e,R faixa rasa oeste,PENDING,NOT_AUTHORIZED,437b068a9577d196223d365bca0a494122bd777c3ae24dfee5f3b65a76934c89
Q-R-14,R,14,896.85,2028-exporural-2026-09-25.1,6,Fenasoja_Parque_Ajustes_300dpi.png,37e04a91c738ce4f4f3a1470f5c02d5eed010138e11982a41344a9984e5fb323,Fenasoja_So_Numeros_300dpi.png,63b86b947f75e1a0c7b50125824c37ecd35f0f50c9c1f75e0c788c029ed3052e,R longitudinal oeste,PENDING,NOT_AUTHORIZED,0c66b4f1a15b90cd61e77abb3a36a2f44ca02bb7c2ae9285dcc0a20d603092bb
Q-R-15,R,15,472.10,2028-exporural-2026-09-25.1,6,Fenasoja_Parque_Ajustes_300dpi.png,37e04a91c738ce4f4f3a1470f5c02d5eed010138e11982a41344a9984e5fb323,Fenasoja_So_Numeros_300dpi.png,63b86b947f75e1a0c7b50125824c37ecd35f0f50c9c1f75e0c788c029ed3052e,R superior oeste,PENDING,NOT_AUTHORIZED,b64bd51e91eb93105875a49ba4aa05924d35e4e8e2ec01d67db09ee3c8ab8ec7
Q-R-16,R,16,450.00,2028-exporural-2026-09-25.1,6,Fenasoja_Parque_Ajustes_300dpi.png,37e04a91c738ce4f4f3a1470f5c02d5eed010138e11982a41344a9984e5fb323,Fenasoja_So_Numeros_300dpi.png,63b86b947f75e1a0c7b50125824c37ecd35f0f50c9c1f75e0c788c029ed3052e,R superior oeste,PENDING,NOT_AUTHORIZED,3527ca7bbf6202bd7c2dfc62831b0fcaad81b188269f95afdbda1d425d2b9646
Q-R-17,R,17,450.00,2028-exporural-2026-09-25.1,6,Fenasoja_Parque_Ajustes_300dpi.png,37e04a91c738ce4f4f3a1470f5c02d5eed010138e11982a41344a9984e5fb323,Fenasoja_So_Numeros_300dpi.png,63b86b947f75e1a0c7b50125824c37ecd35f0f50c9c1f75e0c788c029ed3052e,R superior oeste,PENDING,NOT_AUTHORIZED,fb60e4f9dcfa5351e65448781bc1e6b1f7ff0adc2cc67324435aff5dd840b18f
Q-R-18,R,18,450.00,2028-exporural-2026-09-25.1,6,Fenasoja_Parque_Ajustes_300dpi.png,37e04a91c738ce4f4f3a1470f5c02d5eed010138e11982a41344a9984e5fb323,Fenasoja_So_Numeros_300dpi.png,63b86b947f75e1a0c7b50125824c37ecd35f0f50c9c1f75e0c788c029ed3052e,R superior oeste,PENDING,NOT_AUTHORIZED,110ab2d174822cc72846bda25739658198602305a7b993558ecaefde8fb3f236
Q-R-19,R,19,450.00,2028-exporural-2026-09-25.1,6,Fenasoja_Parque_Ajustes_300dpi.png,37e04a91c738ce4f4f3a1470f5c02d5eed010138e11982a41344a9984e5fb323,Fenasoja_So_Numeros_300dpi.png,63b86b947f75e1a0c7b50125824c37ecd35f0f50c9c1f75e0c788c029ed3052e,R superior oeste,PENDING,NOT_AUTHORIZED,98a63435a2cafb50e7dae01333f63a63ff35e9a02a4c753ce6a57af843665e22
Q-R-20,R,20,500.00,2028-exporural-2026-09-25.1,6,Fenasoja_Parque_Ajustes_300dpi.png,37e04a91c738ce4f4f3a1470f5c02d5eed010138e11982a41344a9984e5fb323,Fenasoja_So_Numeros_300dpi.png,63b86b947f75e1a0c7b50125824c37ecd35f0f50c9c1f75e0c788c029ed3052e,R inferior central oeste,PENDING,NOT_AUTHORIZED,54cf3f8d795591f14cf3b5a8e6975c421d528d27039b437164e9c0350a610171
Q-R-21,R,21,500.00,2028-exporural-2026-09-25.1,6,Fenasoja_Parque_Ajustes_300dpi.png,37e04a91c738ce4f4f3a1470f5c02d5eed010138e11982a41344a9984e5fb323,Fenasoja_So_Numeros_300dpi.png,63b86b947f75e1a0c7b50125824c37ecd35f0f50c9c1f75e0c788c029ed3052e,R inferior central oeste,PENDING,NOT_AUTHORIZED,e7ea374d5c52353edb2ea52a4455252d3d11f8a8992a9fb534e305c2b1e3ed22
Q-R-22,R,22,500.00,2028-exporural-2026-09-25.1,6,Fenasoja_Parque_Ajustes_300dpi.png,37e04a91c738ce4f4f3a1470f5c02d5eed010138e11982a41344a9984e5fb323,Fenasoja_So_Numeros_300dpi.png,63b86b947f75e1a0c7b50125824c37ecd35f0f50c9c1f75e0c788c029ed3052e,R inferior central oeste,PENDING,NOT_AUTHORIZED,219dbb510e2bc0c21664d6704243c49be868398ce8422e66f236e145388ef447
Q-R-23,R,23,504.28,2028-exporural-2026-09-25.1,6,Fenasoja_Parque_Ajustes_300dpi.png,37e04a91c738ce4f4f3a1470f5c02d5eed010138e11982a41344a9984e5fb323,Fenasoja_So_Numeros_300dpi.png,63b86b947f75e1a0c7b50125824c37ecd35f0f50c9c1f75e0c788c029ed3052e,R inferior central meio,PENDING,NOT_AUTHORIZED,7e440cf4541c46f0892e054cd9c2cb48841aa4cee06119541b8824c89f643af9
Q-R-24,R,24,504.28,2028-exporural-2026-09-25.1,6,Fenasoja_Parque_Ajustes_300dpi.png,37e04a91c738ce4f4f3a1470f5c02d5eed010138e11982a41344a9984e5fb323,Fenasoja_So_Numeros_300dpi.png,63b86b947f75e1a0c7b50125824c37ecd35f0f50c9c1f75e0c788c029ed3052e,R inferior central meio,PENDING,NOT_AUTHORIZED,84e1784f0d20da2e15caccc43cf2b9dc040698337837330ee449718f003d857b
Q-R-25,R,25,504.28,2028-exporural-2026-09-25.1,6,Fenasoja_Parque_Ajustes_300dpi.png,37e04a91c738ce4f4f3a1470f5c02d5eed010138e11982a41344a9984e5fb323,Fenasoja_So_Numeros_300dpi.png,63b86b947f75e1a0c7b50125824c37ecd35f0f50c9c1f75e0c788c029ed3052e,R inferior central meio,PENDING,NOT_AUTHORIZED,26b67753821423188c3f669c939de8c3e3808d9710386f6d28bfccc7641fa319
Q-R-26,R,26,495.00,2028-exporural-2026-09-25.1,6,Fenasoja_Parque_Ajustes_300dpi.png,37e04a91c738ce4f4f3a1470f5c02d5eed010138e11982a41344a9984e5fb323,Fenasoja_So_Numeros_300dpi.png,63b86b947f75e1a0c7b50125824c37ecd35f0f50c9c1f75e0c788c029ed3052e,R inferior central leste,PENDING,NOT_AUTHORIZED,a30433508c963dc2ced17e2f86fb1dfb46e9a4f36250149bcd4be020393b18c1
Q-R-27,R,27,495.00,2028-exporural-2026-09-25.1,6,Fenasoja_Parque_Ajustes_300dpi.png,37e04a91c738ce4f4f3a1470f5c02d5eed010138e11982a41344a9984e5fb323,Fenasoja_So_Numeros_300dpi.png,63b86b947f75e1a0c7b50125824c37ecd35f0f50c9c1f75e0c788c029ed3052e,R inferior central leste,PENDING,NOT_AUTHORIZED,18247fc70b2bf19a904df68b242b6f97e28aa86f78bf668b8c4020927bd9e314
Q-R-28,R,28,495.00,2028-exporural-2026-09-25.1,6,Fenasoja_Parque_Ajustes_300dpi.png,37e04a91c738ce4f4f3a1470f5c02d5eed010138e11982a41344a9984e5fb323,Fenasoja_So_Numeros_300dpi.png,63b86b947f75e1a0c7b50125824c37ecd35f0f50c9c1f75e0c788c029ed3052e,R inferior central leste,PENDING,NOT_AUTHORIZED,d6aba49cb540ef9b07acb13a3033ff553073bfad9592394cf550c8b851979ccd
Q-R-29,R,29,452.42,2028-exporural-2026-09-25.1,6,Fenasoja_Parque_Ajustes_300dpi.png,37e04a91c738ce4f4f3a1470f5c02d5eed010138e11982a41344a9984e5fb323,Fenasoja_So_Numeros_300dpi.png,63b86b947f75e1a0c7b50125824c37ecd35f0f50c9c1f75e0c788c029ed3052e,R superior central oeste,PENDING,NOT_AUTHORIZED,639542ccef11e34953f7178ea9b6c70007f39874b4c354c46ca26a830152efa9
Q-R-30,R,30,452.42,2028-exporural-2026-09-25.1,6,Fenasoja_Parque_Ajustes_300dpi.png,37e04a91c738ce4f4f3a1470f5c02d5eed010138e11982a41344a9984e5fb323,Fenasoja_So_Numeros_300dpi.png,63b86b947f75e1a0c7b50125824c37ecd35f0f50c9c1f75e0c788c029ed3052e,R superior central oeste,PENDING,NOT_AUTHORIZED,b424de910ae3b30565b5a61b3e42aa04b53ce1c35b2442bf62e06cec3a0bda95
Q-R-31,R,31,452.42,2028-exporural-2026-09-25.1,6,Fenasoja_Parque_Ajustes_300dpi.png,37e04a91c738ce4f4f3a1470f5c02d5eed010138e11982a41344a9984e5fb323,Fenasoja_So_Numeros_300dpi.png,63b86b947f75e1a0c7b50125824c37ecd35f0f50c9c1f75e0c788c029ed3052e,R superior central oeste,PENDING,NOT_AUTHORIZED,7ac0b267794f1c968585984a35c34a239f5660f8944cf4a4816bcec2ad8d9c39
Q-R-32,R,32,447.55,2028-exporural-2026-09-25.1,6,Fenasoja_Parque_Ajustes_300dpi.png,37e04a91c738ce4f4f3a1470f5c02d5eed010138e11982a41344a9984e5fb323,Fenasoja_So_Numeros_300dpi.png,63b86b947f75e1a0c7b50125824c37ecd35f0f50c9c1f75e0c788c029ed3052e,R superior central leste,PENDING,NOT_AUTHORIZED,db10a0b26eeb44712143862ba56ed150356ec948ef173a015f2fde2a0f227f16
Q-R-33,R,33,447.55,2028-exporural-2026-09-25.1,6,Fenasoja_Parque_Ajustes_300dpi.png,37e04a91c738ce4f4f3a1470f5c02d5eed010138e11982a41344a9984e5fb323,Fenasoja_So_Numeros_300dpi.png,63b86b947f75e1a0c7b50125824c37ecd35f0f50c9c1f75e0c788c029ed3052e,R superior central leste,PENDING,NOT_AUTHORIZED,e83a1864fbfd314e450a08231a6f3bd33cbfdb3d965b2892164fc042a70d1cae
Q-R-34,R,34,447.55,2028-exporural-2026-09-25.1,6,Fenasoja_Parque_Ajustes_300dpi.png,37e04a91c738ce4f4f3a1470f5c02d5eed010138e11982a41344a9984e5fb323,Fenasoja_So_Numeros_300dpi.png,63b86b947f75e1a0c7b50125824c37ecd35f0f50c9c1f75e0c788c029ed3052e,R superior central leste,PENDING,NOT_AUTHORIZED,78fb1e644eae93eda85189cc5ff735766c1395097dfde805e978d2faf4de3d8d
Q-R-35,R,35,447.55,2028-exporural-2026-09-25.1,6,Fenasoja_Parque_Ajustes_300dpi.png,37e04a91c738ce4f4f3a1470f5c02d5eed010138e11982a41344a9984e5fb323,Fenasoja_So_Numeros_300dpi.png,63b86b947f75e1a0c7b50125824c37ecd35f0f50c9c1f75e0c788c029ed3052e,R superior central leste,PENDING,NOT_AUTHORIZED,fec5a04c7cf2e963811c33fba5f5c9be2ae90f3cdddaf2343712d382a5e4cac2
Q-R-36,R,36,447.55,2028-exporural-2026-09-25.1,6,Fenasoja_Parque_Ajustes_300dpi.png,37e04a91c738ce4f4f3a1470f5c02d5eed010138e11982a41344a9984e5fb323,Fenasoja_So_Numeros_300dpi.png,63b86b947f75e1a0c7b50125824c37ecd35f0f50c9c1f75e0c788c029ed3052e,R superior central leste,PENDING,NOT_AUTHORIZED,e204e8afc7cf79260a29e4bf7073da4bb063b10fd8e91f3eea8be47e69d136ac
Q-R-37,R,37,447.55,2028-exporural-2026-09-25.1,6,Fenasoja_Parque_Ajustes_300dpi.png,37e04a91c738ce4f4f3a1470f5c02d5eed010138e11982a41344a9984e5fb323,Fenasoja_So_Numeros_300dpi.png,63b86b947f75e1a0c7b50125824c37ecd35f0f50c9c1f75e0c788c029ed3052e,R superior central leste,PENDING,NOT_AUTHORIZED,c2676991562d6d4f30535d2ea1f9a1a12e803789e91d858d4fc85f83dd12c835
Q-R-38,R,38,447.55,2028-exporural-2026-09-25.1,6,Fenasoja_Parque_Ajustes_300dpi.png,37e04a91c738ce4f4f3a1470f5c02d5eed010138e11982a41344a9984e5fb323,Fenasoja_So_Numeros_300dpi.png,63b86b947f75e1a0c7b50125824c37ecd35f0f50c9c1f75e0c788c029ed3052e,R superior central leste,PENDING,NOT_AUTHORIZED,01a0f924908df27c16170b7311e17b7d9a72bcbf58c0410a4a1c3c03a5d5a859
Q-R-39,R,39,447.55,2028-exporural-2026-09-25.1,6,Fenasoja_Parque_Ajustes_300dpi.png,37e04a91c738ce4f4f3a1470f5c02d5eed010138e11982a41344a9984e5fb323,Fenasoja_So_Numeros_300dpi.png,63b86b947f75e1a0c7b50125824c37ecd35f0f50c9c1f75e0c788c029ed3052e,R superior central leste,PENDING,NOT_AUTHORIZED,7db6486376bec518ffd5dc0b2abbd49094796a4290054a8ac46aee0985eaac13
Q-R-40,R,40,500.00,2028-exporural-2026-09-25.1,6,Fenasoja_Parque_Ajustes_300dpi.png,37e04a91c738ce4f4f3a1470f5c02d5eed010138e11982a41344a9984e5fb323,Fenasoja_So_Numeros_300dpi.png,63b86b947f75e1a0c7b50125824c37ecd35f0f50c9c1f75e0c788c029ed3052e,R superior direita,PENDING,NOT_AUTHORIZED,6ffdb6afa3d553cf9707ab56ef41d62f4859a5c71c43eebc2256ef7a08683f44
Q-R-41,R,41,500.00,2028-exporural-2026-09-25.1,6,Fenasoja_Parque_Ajustes_300dpi.png,37e04a91c738ce4f4f3a1470f5c02d5eed010138e11982a41344a9984e5fb323,Fenasoja_So_Numeros_300dpi.png,63b86b947f75e1a0c7b50125824c37ecd35f0f50c9c1f75e0c788c029ed3052e,R superior direita,PENDING,NOT_AUTHORIZED,6ca20ba2a338763e68a56fa005955bc17ef75fe157672db11929b418eab6eadc
Q-R-42,R,42,500.00,2028-exporural-2026-09-25.1,6,Fenasoja_Parque_Ajustes_300dpi.png,37e04a91c738ce4f4f3a1470f5c02d5eed010138e11982a41344a9984e5fb323,Fenasoja_So_Numeros_300dpi.png,63b86b947f75e1a0c7b50125824c37ecd35f0f50c9c1f75e0c788c029ed3052e,R superior direita,PENDING,NOT_AUTHORIZED,74fff74fb8922f24263e30833d367ab54d3847b5378842214807f7d3742c1d50
Q-R-43,R,43,500.00,2028-exporural-2026-09-25.1,6,Fenasoja_Parque_Ajustes_300dpi.png,37e04a91c738ce4f4f3a1470f5c02d5eed010138e11982a41344a9984e5fb323,Fenasoja_So_Numeros_300dpi.png,63b86b947f75e1a0c7b50125824c37ecd35f0f50c9c1f75e0c788c029ed3052e,R superior direita,PENDING,NOT_AUTHORIZED,89857a0703c8b52d534eb1ccc42189d837441152532c94f54944d8e2bd852f88
Q-R-44,R,44,500.00,2028-exporural-2026-09-25.1,6,Fenasoja_Parque_Ajustes_300dpi.png,37e04a91c738ce4f4f3a1470f5c02d5eed010138e11982a41344a9984e5fb323,Fenasoja_So_Numeros_300dpi.png,63b86b947f75e1a0c7b50125824c37ecd35f0f50c9c1f75e0c788c029ed3052e,R superior direita,PENDING,NOT_AUTHORIZED,34f88ddc71d3ac13dc270abc3334ae7f3d020ef05422747677477114fff7c8f2
Q-R-45,R,45,500.00,2028-exporural-2026-09-25.1,6,Fenasoja_Parque_Ajustes_300dpi.png,37e04a91c738ce4f4f3a1470f5c02d5eed010138e11982a41344a9984e5fb323,Fenasoja_So_Numeros_300dpi.png,63b86b947f75e1a0c7b50125824c37ecd35f0f50c9c1f75e0c788c029ed3052e,R superior direita,PENDING,NOT_AUTHORIZED,63445c41d59650fb42fe2da7b72642a6d5c64c0421464f2a8e24bacba65e5c5b
Q-R-46,R,46,500.00,2028-exporural-2026-09-25.1,6,Fenasoja_Parque_Ajustes_300dpi.png,37e04a91c738ce4f4f3a1470f5c02d5eed010138e11982a41344a9984e5fb323,Fenasoja_So_Numeros_300dpi.png,63b86b947f75e1a0c7b50125824c37ecd35f0f50c9c1f75e0c788c029ed3052e,R superior direita,PENDING,NOT_AUTHORIZED,7dbd8a9b483686bf8d60f39d4299ccfb6f49c58cffc79be313550ecca5c71ecc
Q-R-47,R,47,705.35,2028-exporural-2026-09-25.1,6,Fenasoja_Parque_Ajustes_300dpi.png,37e04a91c738ce4f4f3a1470f5c02d5eed010138e11982a41344a9984e5fb323,Fenasoja_So_Numeros_300dpi.png,63b86b947f75e1a0c7b50125824c37ecd35f0f50c9c1f75e0c788c029ed3052e,R superior direita,PENDING,NOT_AUTHORIZED,daf4fe3239158815c19fd20d6b20cc0ef05f54a9e4288094f91964ef6554afd5
Q-R-48,R,48,249.64,2028-exporural-2026-09-25.1,6,Fenasoja_Parque_Ajustes_300dpi.png,37e04a91c738ce4f4f3a1470f5c02d5eed010138e11982a41344a9984e5fb323,Fenasoja_So_Numeros_300dpi.png,63b86b947f75e1a0c7b50125824c37ecd35f0f50c9c1f75e0c788c029ed3052e,R pequena ilha superior oeste,PENDING,NOT_AUTHORIZED,7c2e69b45b514fcf227226c65d7c51046df7c6874f2401d76287796ad9d11e2f
Q-R-49,R,49,249.12,2028-exporural-2026-09-25.1,6,Fenasoja_Parque_Ajustes_300dpi.png,37e04a91c738ce4f4f3a1470f5c02d5eed010138e11982a41344a9984e5fb323,Fenasoja_So_Numeros_300dpi.png,63b86b947f75e1a0c7b50125824c37ecd35f0f50c9c1f75e0c788c029ed3052e,R pequena ilha superior oeste,PENDING,NOT_AUTHORIZED,ec38515c0efbdb896e8999fa9095db1d09a7a0ff1a99fcf86c335ad711cde725
Q-R-50,R,50,250.05,2028-exporural-2026-09-25.1,6,Fenasoja_Parque_Ajustes_300dpi.png,37e04a91c738ce4f4f3a1470f5c02d5eed010138e11982a41344a9984e5fb323,Fenasoja_So_Numeros_300dpi.png,63b86b947f75e1a0c7b50125824c37ecd35f0f50c9c1f75e0c788c029ed3052e,R pequena ilha superior oeste,PENDING,NOT_AUTHORIZED,69cd20e0b3e7cee89ae04e44d9232ba284f0425948db729c24df905331344483
Q-R-51,R,51,251.01,2028-exporural-2026-09-25.1,6,Fenasoja_Parque_Ajustes_300dpi.png,37e04a91c738ce4f4f3a1470f5c02d5eed010138e11982a41344a9984e5fb323,Fenasoja_So_Numeros_300dpi.png,63b86b947f75e1a0c7b50125824c37ecd35f0f50c9c1f75e0c788c029ed3052e,R pequena ilha superior leste,PENDING,NOT_AUTHORIZED,ffd54f49be0df76d01d6243c465c0ccc6f11a30cecaa3bd7df6327941bf7eb36
Q-R-52,R,52,250.00,2028-exporural-2026-09-25.1,6,Fenasoja_Parque_Ajustes_300dpi.png,37e04a91c738ce4f4f3a1470f5c02d5eed010138e11982a41344a9984e5fb323,Fenasoja_So_Numeros_300dpi.png,63b86b947f75e1a0c7b50125824c37ecd35f0f50c9c1f75e0c788c029ed3052e,R pequena ilha superior leste,PENDING,NOT_AUTHORIZED,bfb38cbc5aeda85bdd7fb78158c1def688c480302c9f1fc5489049d0fc85b638
Q-R-53,R,53,249.96,2028-exporural-2026-09-25.1,6,Fenasoja_Parque_Ajustes_300dpi.png,37e04a91c738ce4f4f3a1470f5c02d5eed010138e11982a41344a9984e5fb323,Fenasoja_So_Numeros_300dpi.png,63b86b947f75e1a0c7b50125824c37ecd35f0f50c9c1f75e0c788c029ed3052e,R pequena ilha superior leste,PENDING,NOT_AUTHORIZED,0772c2a96ed05dee055cbdee01f2514ed4c07b80188b2637515d10b8fcfd0cf1
Q-R-54,R,54,356.69,2028-exporural-2026-09-25.1,6,Fenasoja_Parque_Ajustes_300dpi.png,37e04a91c738ce4f4f3a1470f5c02d5eed010138e11982a41344a9984e5fb323,Fenasoja_So_Numeros_300dpi.png,63b86b947f75e1a0c7b50125824c37ecd35f0f50c9c1f75e0c788c029ed3052e,R pequena ilha superior leste,PENDING,NOT_AUTHORIZED,f81569bc14a5de7ded144294fc807357994dd54ab8a9d954bd161b626de8f2f9
Q-R-55,R,55,249.60,2028-exporural-2026-09-25.1,6,Fenasoja_Parque_Ajustes_300dpi.png,37e04a91c738ce4f4f3a1470f5c02d5eed010138e11982a41344a9984e5fb323,Fenasoja_So_Numeros_300dpi.png,63b86b947f75e1a0c7b50125824c37ecd35f0f50c9c1f75e0c788c029ed3052e,R pequena ilha inferior oeste,PENDING,NOT_AUTHORIZED,ec4ae8060f105139e21081b606a1b684ae56c015ad165aa3f111170ba3d5a63e
Q-R-56,R,56,249.03,2028-exporural-2026-09-25.1,6,Fenasoja_Parque_Ajustes_300dpi.png,37e04a91c738ce4f4f3a1470f5c02d5eed010138e11982a41344a9984e5fb323,Fenasoja_So_Numeros_300dpi.png,63b86b947f75e1a0c7b50125824c37ecd35f0f50c9c1f75e0c788c029ed3052e,R pequena ilha inferior oeste,PENDING,NOT_AUTHORIZED,834a49db7e4b661b7597d13586615632bb70ac9a1cc8d0f604ded294c4f522b3
Q-R-57,R,57,248.02,2028-exporural-2026-09-25.1,6,Fenasoja_Parque_Ajustes_300dpi.png,37e04a91c738ce4f4f3a1470f5c02d5eed010138e11982a41344a9984e5fb323,Fenasoja_So_Numeros_300dpi.png,63b86b947f75e1a0c7b50125824c37ecd35f0f50c9c1f75e0c788c029ed3052e,R pequena ilha inferior oeste,PENDING,NOT_AUTHORIZED,c052e13f7dbba7a32530b9afef6ed067b493fdac931f98639b9eaf513926b8e0
Q-R-58,R,58,249.12,2028-exporural-2026-09-25.1,6,Fenasoja_Parque_Ajustes_300dpi.png,37e04a91c738ce4f4f3a1470f5c02d5eed010138e11982a41344a9984e5fb323,Fenasoja_So_Numeros_300dpi.png,63b86b947f75e1a0c7b50125824c37ecd35f0f50c9c1f75e0c788c029ed3052e,R pequena ilha inferior leste,PENDING,NOT_AUTHORIZED,8020fc5dfe59c8ec5afa6e26754abd8d1642c5529f64292a1dee091fe27631ce
Q-R-59,R,59,250.00,2028-exporural-2026-09-25.1,6,Fenasoja_Parque_Ajustes_300dpi.png,37e04a91c738ce4f4f3a1470f5c02d5eed010138e11982a41344a9984e5fb323,Fenasoja_So_Numeros_300dpi.png,63b86b947f75e1a0c7b50125824c37ecd35f0f50c9c1f75e0c788c029ed3052e,R pequena ilha inferior leste,PENDING,NOT_AUTHORIZED,b0580f0992f72b97f2e632b98672f522b9c79db0fe019b2408ca6227859cac3a
Q-R-60,R,60,250.03,2028-exporural-2026-09-25.1,6,Fenasoja_Parque_Ajustes_300dpi.png,37e04a91c738ce4f4f3a1470f5c02d5eed010138e11982a41344a9984e5fb323,Fenasoja_So_Numeros_300dpi.png,63b86b947f75e1a0c7b50125824c37ecd35f0f50c9c1f75e0c788c029ed3052e,R pequena ilha inferior leste,PENDING,NOT_AUTHORIZED,0f11b811e7cf76b48be01fa99618f33abcee5e9a17f449c7978a27c89ad4dad7
Q-R-61,R,61,242.21,2028-exporural-2026-09-25.1,6,Fenasoja_Parque_Ajustes_300dpi.png,37e04a91c738ce4f4f3a1470f5c02d5eed010138e11982a41344a9984e5fb323,Fenasoja_So_Numeros_300dpi.png,63b86b947f75e1a0c7b50125824c37ecd35f0f50c9c1f75e0c788c029ed3052e,R pequena ilha inferior leste,PENDING,NOT_AUTHORIZED,ddde5ad226ccbdbd73c302f3740c2d084390411e0ab80869f83d5fe0716432d6
Q-R-62,R,62,471.00,2028-exporural-2026-09-25.1,6,Fenasoja_Parque_Ajustes_300dpi.png,37e04a91c738ce4f4f3a1470f5c02d5eed010138e11982a41344a9984e5fb323,Fenasoja_So_Numeros_300dpi.png,63b86b947f75e1a0c7b50125824c37ecd35f0f50c9c1f75e0c788c029ed3052e,R perimetro inferior,PENDING,NOT_AUTHORIZED,70b10f8a9c79934f81a56b39801bc75ca244714936cbb6945a32cae3c72011e3
Q-R-63,R,63,471.00,2028-exporural-2026-09-25.1,6,Fenasoja_Parque_Ajustes_300dpi.png,37e04a91c738ce4f4f3a1470f5c02d5eed010138e11982a41344a9984e5fb323,Fenasoja_So_Numeros_300dpi.png,63b86b947f75e1a0c7b50125824c37ecd35f0f50c9c1f75e0c788c029ed3052e,R perimetro inferior,PENDING,NOT_AUTHORIZED,29135492e1fb67a5a60334b0db429ce5fcf62905b1d3f2b11daa44dc67fd3467
Q-R-64,R,64,471.00,2028-exporural-2026-09-25.1,6,Fenasoja_Parque_Ajustes_300dpi.png,37e04a91c738ce4f4f3a1470f5c02d5eed010138e11982a41344a9984e5fb323,Fenasoja_So_Numeros_300dpi.png,63b86b947f75e1a0c7b50125824c37ecd35f0f50c9c1f75e0c788c029ed3052e,R perimetro inferior,PENDING,NOT_AUTHORIZED,84e6cd96deb290b79c4413f97f8d41e22f26081c5b0e0a761c82dff28aa9d071
Q-R-65,R,65,471.00,2028-exporural-2026-09-25.1,6,Fenasoja_Parque_Ajustes_300dpi.png,37e04a91c738ce4f4f3a1470f5c02d5eed010138e11982a41344a9984e5fb323,Fenasoja_So_Numeros_300dpi.png,63b86b947f75e1a0c7b50125824c37ecd35f0f50c9c1f75e0c788c029ed3052e,R perimetro inferior,PENDING,NOT_AUTHORIZED,39bc43b4a74a0684e79388d3e3272e23d91e597651b83c7dcdb0b121f86a2b99
Q-S-01,S,01,500.00,2028-exporural-2026-09-25.1,6,Fenasoja_Parque_Ajustes_300dpi.png,37e04a91c738ce4f4f3a1470f5c02d5eed010138e11982a41344a9984e5fb323,Fenasoja_So_Numeros_300dpi.png,63b86b947f75e1a0c7b50125824c37ecd35f0f50c9c1f75e0c788c029ed3052e,S inferior oeste,PENDING,NOT_AUTHORIZED,18aeb647a2578120a162c20f5155859b49935bb3507aa0e54e443a9fbba3b873
Q-S-02,S,02,500.00,2028-exporural-2026-09-25.1,6,Fenasoja_Parque_Ajustes_300dpi.png,37e04a91c738ce4f4f3a1470f5c02d5eed010138e11982a41344a9984e5fb323,Fenasoja_So_Numeros_300dpi.png,63b86b947f75e1a0c7b50125824c37ecd35f0f50c9c1f75e0c788c029ed3052e,S inferior oeste,PENDING,NOT_AUTHORIZED,3744dec3bee96d99c3c9df284ea404c173d49ff07cb888aed5e5ff4b95fe3756
Q-S-03,S,03,500.00,2028-exporural-2026-09-25.1,6,Fenasoja_Parque_Ajustes_300dpi.png,37e04a91c738ce4f4f3a1470f5c02d5eed010138e11982a41344a9984e5fb323,Fenasoja_So_Numeros_300dpi.png,63b86b947f75e1a0c7b50125824c37ecd35f0f50c9c1f75e0c788c029ed3052e,S inferior oeste,PENDING,NOT_AUTHORIZED,9263a2b1846a8866e3ebfdaa11921cb71c2dfe45fd66a52caac8833dc76fcc40
Q-S-04,S,04,692.09,2028-exporural-2026-09-25.1,6,Fenasoja_Parque_Ajustes_300dpi.png,37e04a91c738ce4f4f3a1470f5c02d5eed010138e11982a41344a9984e5fb323,Fenasoja_So_Numeros_300dpi.png,63b86b947f75e1a0c7b50125824c37ecd35f0f50c9c1f75e0c788c029ed3052e,S inferior oeste,PENDING,NOT_AUTHORIZED,8ba9d595968d6dc52a93818aae3192740236ef3915507a417e7dba9cdffcea96
Q-S-05,S,05,450.11,2028-exporural-2026-09-25.1,6,Fenasoja_Parque_Ajustes_300dpi.png,37e04a91c738ce4f4f3a1470f5c02d5eed010138e11982a41344a9984e5fb323,Fenasoja_So_Numeros_300dpi.png,63b86b947f75e1a0c7b50125824c37ecd35f0f50c9c1f75e0c788c029ed3052e,S inferior centro,PENDING,NOT_AUTHORIZED,1904c0e5f35512eb47d840313361f324213e98358377f004d94e7c03f3c62563
Q-S-06,S,06,450.11,2028-exporural-2026-09-25.1,6,Fenasoja_Parque_Ajustes_300dpi.png,37e04a91c738ce4f4f3a1470f5c02d5eed010138e11982a41344a9984e5fb323,Fenasoja_So_Numeros_300dpi.png,63b86b947f75e1a0c7b50125824c37ecd35f0f50c9c1f75e0c788c029ed3052e,S inferior centro,PENDING,NOT_AUTHORIZED,19321b4c19a61d14604852a8975ce6e723e37b1aec3dee705885d1f2e71902e3
Q-S-07,S,07,450.11,2028-exporural-2026-09-25.1,6,Fenasoja_Parque_Ajustes_300dpi.png,37e04a91c738ce4f4f3a1470f5c02d5eed010138e11982a41344a9984e5fb323,Fenasoja_So_Numeros_300dpi.png,63b86b947f75e1a0c7b50125824c37ecd35f0f50c9c1f75e0c788c029ed3052e,S inferior centro,PENDING,NOT_AUTHORIZED,beba978495adc8f678b46f9c8b62ac6076bd1aa4bc22617fa2b59c80a49d9950
Q-S-08,S,08,450.11,2028-exporural-2026-09-25.1,6,Fenasoja_Parque_Ajustes_300dpi.png,37e04a91c738ce4f4f3a1470f5c02d5eed010138e11982a41344a9984e5fb323,Fenasoja_So_Numeros_300dpi.png,63b86b947f75e1a0c7b50125824c37ecd35f0f50c9c1f75e0c788c029ed3052e,S inferior centro,PENDING,NOT_AUTHORIZED,794a060506bcca3ebea849c85cc10536181c10760962ee0da1255d6e76600d9f
Q-S-09,S,09,450.11,2028-exporural-2026-09-25.1,6,Fenasoja_Parque_Ajustes_300dpi.png,37e04a91c738ce4f4f3a1470f5c02d5eed010138e11982a41344a9984e5fb323,Fenasoja_So_Numeros_300dpi.png,63b86b947f75e1a0c7b50125824c37ecd35f0f50c9c1f75e0c788c029ed3052e,S inferior centro,PENDING,NOT_AUTHORIZED,5c38d9aa68d9d48d22c3c5e7d49cb4b7b76522962dec2adf94977f89e3412f89
Q-S-10,S,10,450.11,2028-exporural-2026-09-25.1,6,Fenasoja_Parque_Ajustes_300dpi.png,37e04a91c738ce4f4f3a1470f5c02d5eed010138e11982a41344a9984e5fb323,Fenasoja_So_Numeros_300dpi.png,63b86b947f75e1a0c7b50125824c37ecd35f0f50c9c1f75e0c788c029ed3052e,S inferior centro,PENDING,NOT_AUTHORIZED,8a66803c6767f9a31e340c91c02905e526d8f6879e51aeede73b3c218e7a1ae8
Q-S-11,S,11,450.00,2028-exporural-2026-09-25.1,6,Fenasoja_Parque_Ajustes_300dpi.png,37e04a91c738ce4f4f3a1470f5c02d5eed010138e11982a41344a9984e5fb323,Fenasoja_So_Numeros_300dpi.png,63b86b947f75e1a0c7b50125824c37ecd35f0f50c9c1f75e0c788c029ed3052e,S inferior leste,PENDING,NOT_AUTHORIZED,d65630c633b639ec05c8bdd685b81f97ddafcb019a5762811a542edb200fda09
Q-S-12,S,12,450.00,2028-exporural-2026-09-25.1,6,Fenasoja_Parque_Ajustes_300dpi.png,37e04a91c738ce4f4f3a1470f5c02d5eed010138e11982a41344a9984e5fb323,Fenasoja_So_Numeros_300dpi.png,63b86b947f75e1a0c7b50125824c37ecd35f0f50c9c1f75e0c788c029ed3052e,S inferior leste,PENDING,NOT_AUTHORIZED,53cab6656a66635570c67d7511e62bd564085bf63974622130b0ff5155ea862e
Q-S-13,S,13,450.00,2028-exporural-2026-09-25.1,6,Fenasoja_Parque_Ajustes_300dpi.png,37e04a91c738ce4f4f3a1470f5c02d5eed010138e11982a41344a9984e5fb323,Fenasoja_So_Numeros_300dpi.png,63b86b947f75e1a0c7b50125824c37ecd35f0f50c9c1f75e0c788c029ed3052e,S inferior leste,PENDING,NOT_AUTHORIZED,0d3f06867750cc729928432096349471844ca7a89a7431479e19829fafd1b838
Q-S-14,S,14,450.00,2028-exporural-2026-09-25.1,6,Fenasoja_Parque_Ajustes_300dpi.png,37e04a91c738ce4f4f3a1470f5c02d5eed010138e11982a41344a9984e5fb323,Fenasoja_So_Numeros_300dpi.png,63b86b947f75e1a0c7b50125824c37ecd35f0f50c9c1f75e0c788c029ed3052e,S inferior leste,PENDING,NOT_AUTHORIZED,ac795aa4ffe33f17aa0cc6b20dfe9f36801011640c99f93200fa448042d93591
Q-S-15,S,15,450.00,2028-exporural-2026-09-25.1,6,Fenasoja_Parque_Ajustes_300dpi.png,37e04a91c738ce4f4f3a1470f5c02d5eed010138e11982a41344a9984e5fb323,Fenasoja_So_Numeros_300dpi.png,63b86b947f75e1a0c7b50125824c37ecd35f0f50c9c1f75e0c788c029ed3052e,S inferior leste,PENDING,NOT_AUTHORIZED,e32793a0b6f57e04e50291a46e3314f46a7590c95c874e927578135d82955998
Q-S-16,S,16,450.00,2028-exporural-2026-09-25.1,6,Fenasoja_Parque_Ajustes_300dpi.png,37e04a91c738ce4f4f3a1470f5c02d5eed010138e11982a41344a9984e5fb323,Fenasoja_So_Numeros_300dpi.png,63b86b947f75e1a0c7b50125824c37ecd35f0f50c9c1f75e0c788c029ed3052e,S inferior leste,PENDING,NOT_AUTHORIZED,a7a90829394baebfba421ca54d5a502016fb2ed3df24bfe3ed71843dbe447436
Q-S-17,S,17,348.98,2028-exporural-2026-09-25.1,6,Fenasoja_Parque_Ajustes_300dpi.png,37e04a91c738ce4f4f3a1470f5c02d5eed010138e11982a41344a9984e5fb323,Fenasoja_So_Numeros_300dpi.png,63b86b947f75e1a0c7b50125824c37ecd35f0f50c9c1f75e0c788c029ed3052e,S inferior leste,PENDING,NOT_AUTHORIZED,697b285037fce8169fc7ee6297cd32969a74a4de9ebcff3fdfc4a80bbe896bf2
Q-S-18,S,18,411.83,2028-exporural-2026-09-25.1,6,Fenasoja_Parque_Ajustes_300dpi.png,37e04a91c738ce4f4f3a1470f5c02d5eed010138e11982a41344a9984e5fb323,Fenasoja_So_Numeros_300dpi.png,63b86b947f75e1a0c7b50125824c37ecd35f0f50c9c1f75e0c788c029ed3052e,S superior direita,PENDING,NOT_AUTHORIZED,7f43cb18d8b1707295ecccab479743e7985ae55a9e74432597eedf1dd61256e1
Q-S-19,S,19,450.00,2028-exporural-2026-09-25.1,6,Fenasoja_Parque_Ajustes_300dpi.png,37e04a91c738ce4f4f3a1470f5c02d5eed010138e11982a41344a9984e5fb323,Fenasoja_So_Numeros_300dpi.png,63b86b947f75e1a0c7b50125824c37ecd35f0f50c9c1f75e0c788c029ed3052e,S superior direita,PENDING,NOT_AUTHORIZED,6aae8f54668cb77924ab9f68b05d0c9bba37932e71875090b7d0fb60bc77a29b
Q-S-20,S,20,450.00,2028-exporural-2026-09-25.1,6,Fenasoja_Parque_Ajustes_300dpi.png,37e04a91c738ce4f4f3a1470f5c02d5eed010138e11982a41344a9984e5fb323,Fenasoja_So_Numeros_300dpi.png,63b86b947f75e1a0c7b50125824c37ecd35f0f50c9c1f75e0c788c029ed3052e,S superior direita,PENDING,NOT_AUTHORIZED,3af38862fbe7e2533cc0401f90a28deb7f1ec1bcc3f43fabe0725fb405f31765
Q-S-21,S,21,450.00,2028-exporural-2026-09-25.1,6,Fenasoja_Parque_Ajustes_300dpi.png,37e04a91c738ce4f4f3a1470f5c02d5eed010138e11982a41344a9984e5fb323,Fenasoja_So_Numeros_300dpi.png,63b86b947f75e1a0c7b50125824c37ecd35f0f50c9c1f75e0c788c029ed3052e,S superior direita,PENDING,NOT_AUTHORIZED,efb9f9341f06157603a4804d92d39280a2eff2798550a382d9f19fd87c000f85
Q-S-22,S,22,450.00,2028-exporural-2026-09-25.1,6,Fenasoja_Parque_Ajustes_300dpi.png,37e04a91c738ce4f4f3a1470f5c02d5eed010138e11982a41344a9984e5fb323,Fenasoja_So_Numeros_300dpi.png,63b86b947f75e1a0c7b50125824c37ecd35f0f50c9c1f75e0c788c029ed3052e,S superior direita,PENDING,NOT_AUTHORIZED,1543dcd409cd06c27948b60d51f988792ddc43d36d0c2e472f1a5fa662072f93
Q-S-23,S,23,450.00,2028-exporural-2026-09-25.1,6,Fenasoja_Parque_Ajustes_300dpi.png,37e04a91c738ce4f4f3a1470f5c02d5eed010138e11982a41344a9984e5fb323,Fenasoja_So_Numeros_300dpi.png,63b86b947f75e1a0c7b50125824c37ecd35f0f50c9c1f75e0c788c029ed3052e,S superior direita,PENDING,NOT_AUTHORIZED,af7269ca9fad3ae91124ccbaf730f02134a651cb82b695a6745f73b13d27dafa
Q-S-24,S,24,450.00,2028-exporural-2026-09-25.1,6,Fenasoja_Parque_Ajustes_300dpi.png,37e04a91c738ce4f4f3a1470f5c02d5eed010138e11982a41344a9984e5fb323,Fenasoja_So_Numeros_300dpi.png,63b86b947f75e1a0c7b50125824c37ecd35f0f50c9c1f75e0c788c029ed3052e,S superior direita,PENDING,NOT_AUTHORIZED,783d7e58ea8770fec3b9b42a98b22a47f4ca0d736e40a8d71ff8feab61f9f96e
Q-S-25,S,25,450.00,2028-exporural-2026-09-25.1,6,Fenasoja_Parque_Ajustes_300dpi.png,37e04a91c738ce4f4f3a1470f5c02d5eed010138e11982a41344a9984e5fb323,Fenasoja_So_Numeros_300dpi.png,63b86b947f75e1a0c7b50125824c37ecd35f0f50c9c1f75e0c788c029ed3052e,S superior esquerda,PENDING,NOT_AUTHORIZED,6eeb6975ff576ac8cf5139211388b75efb905cf9341482a1bb9b96062f87c71b
Q-S-26,S,26,450.00,2028-exporural-2026-09-25.1,6,Fenasoja_Parque_Ajustes_300dpi.png,37e04a91c738ce4f4f3a1470f5c02d5eed010138e11982a41344a9984e5fb323,Fenasoja_So_Numeros_300dpi.png,63b86b947f75e1a0c7b50125824c37ecd35f0f50c9c1f75e0c788c029ed3052e,S superior esquerda,PENDING,NOT_AUTHORIZED,1b18b51432de414370ad0f3743a325554799880691a19d46fb96494997801bc5
Q-S-27,S,27,450.00,2028-exporural-2026-09-25.1,6,Fenasoja_Parque_Ajustes_300dpi.png,37e04a91c738ce4f4f3a1470f5c02d5eed010138e11982a41344a9984e5fb323,Fenasoja_So_Numeros_300dpi.png,63b86b947f75e1a0c7b50125824c37ecd35f0f50c9c1f75e0c788c029ed3052e,S superior esquerda,PENDING,NOT_AUTHORIZED,2cc839669c8ab6ff224843ddb8d26bc41065a0a8c32c457148ac6661beb3dc9b
Q-S-28,S,28,450.00,2028-exporural-2026-09-25.1,6,Fenasoja_Parque_Ajustes_300dpi.png,37e04a91c738ce4f4f3a1470f5c02d5eed010138e11982a41344a9984e5fb323,Fenasoja_So_Numeros_300dpi.png,63b86b947f75e1a0c7b50125824c37ecd35f0f50c9c1f75e0c788c029ed3052e,S superior esquerda,PENDING,NOT_AUTHORIZED,acacfb7f1e63fc9731c1b85c1743e6672c5987d11466defa6eb78d478150900e
Q-S-29,S,29,450.00,2028-exporural-2026-09-25.1,6,Fenasoja_Parque_Ajustes_300dpi.png,37e04a91c738ce4f4f3a1470f5c02d5eed010138e11982a41344a9984e5fb323,Fenasoja_So_Numeros_300dpi.png,63b86b947f75e1a0c7b50125824c37ecd35f0f50c9c1f75e0c788c029ed3052e,S superior esquerda,PENDING,NOT_AUTHORIZED,791e76d5bd8ae235b9a783b39b9534b6220707b66f8dfc0c7ca25d3d3adb6a46
Q-S-30,S,30,450.00,2028-exporural-2026-09-25.1,6,Fenasoja_Parque_Ajustes_300dpi.png,37e04a91c738ce4f4f3a1470f5c02d5eed010138e11982a41344a9984e5fb323,Fenasoja_So_Numeros_300dpi.png,63b86b947f75e1a0c7b50125824c37ecd35f0f50c9c1f75e0c788c029ed3052e,S superior esquerda,PENDING,NOT_AUTHORIZED,608ef098cda79181f0fa6db8696904e453bad45d7a6a5822e4edaae82b8763f6
Q-S-31,S,31,450.00,2028-exporural-2026-09-25.1,6,Fenasoja_Parque_Ajustes_300dpi.png,37e04a91c738ce4f4f3a1470f5c02d5eed010138e11982a41344a9984e5fb323,Fenasoja_So_Numeros_300dpi.png,63b86b947f75e1a0c7b50125824c37ecd35f0f50c9c1f75e0c788c029ed3052e,S superior esquerda,PENDING,NOT_AUTHORIZED,b83090be1d96d8504a454f23227c2bdf0d7bfa92e78e45b5419f38811f468fe2
Q-S-32,S,32,450.00,2028-exporural-2026-09-25.1,6,Fenasoja_Parque_Ajustes_300dpi.png,37e04a91c738ce4f4f3a1470f5c02d5eed010138e11982a41344a9984e5fb323,Fenasoja_So_Numeros_300dpi.png,63b86b947f75e1a0c7b50125824c37ecd35f0f50c9c1f75e0c788c029ed3052e,S superior esquerda,PENDING,NOT_AUTHORIZED,0931c8895ec08080b89e1a2630b5209fde3ff31389e1985ed0e4f24a11b4d70b
Q-S-33,S,33,450.00,2028-exporural-2026-09-25.1,6,Fenasoja_Parque_Ajustes_300dpi.png,37e04a91c738ce4f4f3a1470f5c02d5eed010138e11982a41344a9984e5fb323,Fenasoja_So_Numeros_300dpi.png,63b86b947f75e1a0c7b50125824c37ecd35f0f50c9c1f75e0c788c029ed3052e,S superior esquerda,PENDING,NOT_AUTHORIZED,c4f308e4e2fe8c1f7f6db669530a9488cd25d3dc9196692218afa755e202b41a
Q-S-34,S,34,450.00,2028-exporural-2026-09-25.1,6,Fenasoja_Parque_Ajustes_300dpi.png,37e04a91c738ce4f4f3a1470f5c02d5eed010138e11982a41344a9984e5fb323,Fenasoja_So_Numeros_300dpi.png,63b86b947f75e1a0c7b50125824c37ecd35f0f50c9c1f75e0c788c029ed3052e,S superior esquerda,PENDING,NOT_AUTHORIZED,bfd6500898a8e1b7ae8d9cd43ee9a2278ca905b3239ba6e31ca6483e020d3d63
Q-S-35,S,35,649.97,2028-exporural-2026-09-25.1,6,Fenasoja_Parque_Ajustes_300dpi.png,37e04a91c738ce4f4f3a1470f5c02d5eed010138e11982a41344a9984e5fb323,Fenasoja_So_Numeros_300dpi.png,63b86b947f75e1a0c7b50125824c37ecd35f0f50c9c1f75e0c788c029ed3052e,S superior esquerda,PENDING,NOT_AUTHORIZED,2415b7ede603ab0169167d3dc53c000d72633c7518d53aa431db8f6df28927cf
